word,category,level
坏词,其他,违规
傻逼,辱骂,警告
赌博网站,违法广告,违规
暴力袭击,暴恐,违规
色情服务,色情,违规
违规广告,违法广告,警告
辱骂内容,辱骂,警告
危险袭击,暴恐,违规
低俗服务,色情,警告
敏感讨论,其他,提示
演示敏感词0001,涉政,提示
演示敏感词0002,暴恐,警告
演示敏感词0003,色情,违规
演示敏感词0004,辱骂,提示
演示敏感词0005,违法广告,警告
演示敏感词0006,其他,违规
演示敏感词0007,涉政,提示
演示敏感词0008,暴恐,警告
演示敏感词0009,色情,违规
演示敏感词0010,辱骂,提示
演示敏感词0011,违法广告,警告
演示敏感词0012,其他,违规
演示敏感词0013,涉政,提示
演示敏感词0014,暴恐,警告
演示敏感词0015,色情,违规
演示敏感词0016,辱骂,提示
演示敏感词0017,违法广告,警告
演示敏感词0018,其他,违规
演示敏感词0019,涉政,提示
演示敏感词0020,暴恐,警告
演示敏感词0021,色情,违规
演示敏感词0022,辱骂,提示
演示敏感词0023,违法广告,警告
演示敏感词0024,其他,违规
演示敏感词0025,涉政,提示
演示敏感词0026,暴恐,警告
演示敏感词0027,色情,违规
演示敏感词0028,辱骂,提示
演示敏感词0029,违法广告,警告
演示敏感词0030,其他,违规
演示敏感词0031,涉政,提示
演示敏感词0032,暴恐,警告
演示敏感词0033,色情,违规
演示敏感词0034,辱骂,提示
演示敏感词0035,违法广告,警告
演示敏感词0036,其他,违规
演示敏感词0037,涉政,提示
演示敏感词0038,暴恐,警告
演示敏感词0039,色情,违规
演示敏感词0040,辱骂,提示
演示敏感词0041,违法广告,警告
演示敏感词0042,其他,违规
演示敏感词0043,涉政,提示
演示敏感词0044,暴恐,警告
演示敏感词0045,色情,违规
演示敏感词0046,辱骂,提示
演示敏感词0047,违法广告,警告
演示敏感词0048,其他,违规
演示敏感词0049,涉政,提示
演示敏感词0050,暴恐,警告
演示敏感词0051,色情,违规
演示敏感词0052,辱骂,提示
演示敏感词0053,违法广告,警告
演示敏感词0054,其他,违规
演示敏感词0055,涉政,提示
演示敏感词0056,暴恐,警告
演示敏感词0057,色情,违规
演示敏感词0058,辱骂,提示
演示敏感词0059,违法广告,警告
演示敏感词0060,其他,违规
演示敏感词0061,涉政,提示
演示敏感词0062,暴恐,警告
演示敏感词0063,色情,违规
演示敏感词0064,辱骂,提示
演示敏感词0065,违法广告,警告
演示敏感词0066,其他,违规
演示敏感词0067,涉政,提示
演示敏感词0068,暴恐,警告
演示敏感词0069,色情,违规
演示敏感词0070,辱骂,提示
演示敏感词0071,违法广告,警告
演示敏感词0072,其他,违规
演示敏感词0073,涉政,提示
演示敏感词0074,暴恐,警告
演示敏感词0075,色情,违规
演示敏感词0076,辱骂,提示
演示敏感词0077,违法广告,警告
演示敏感词0078,其他,违规
演示敏感词0079,涉政,提示
演示敏感词0080,暴恐,警告
演示敏感词0081,色情,违规
演示敏感词0082,辱骂,提示
演示敏感词0083,违法广告,警告
演示敏感词0084,其他,违规
演示敏感词0085,涉政,提示
演示敏感词0086,暴恐,警告
演示敏感词0087,色情,违规
演示敏感词0088,辱骂,提示
演示敏感词0089,违法广告,警告
演示敏感词0090,其他,违规
演示敏感词0091,涉政,提示
演示敏感词0092,暴恐,警告
演示敏感词0093,色情,违规
演示敏感词0094,辱骂,提示
演示敏感词0095,违法广告,警告
演示敏感词0096,其他,违规
演示敏感词0097,涉政,提示
演示敏感词0098,暴恐,警告
演示敏感词0099,色情,违规
演示敏感词0100,辱骂,提示
演示敏感词0101,违法广告,警告
演示敏感词0102,其他,违规
演示敏感词0103,涉政,提示
演示敏感词0104,暴恐,警告
演示敏感词0105,色情,违规
演示敏感词0106,辱骂,提示
演示敏感词0107,违法广告,警告
演示敏感词0108,其他,违规
演示敏感词0109,涉政,提示
演示敏感词0110,暴恐,警告
演示敏感词0111,色情,违规
演示敏感词0112,辱骂,提示
演示敏感词0113,违法广告,警告
演示敏感词0114,其他,违规
演示敏感词0115,涉政,提示
演示敏感词0116,暴恐,警告
演示敏感词0117,色情,违规
演示敏感词0118,辱骂,提示
演示敏感词0119,违法广告,警告
演示敏感词0120,其他,违规
演示敏感词0121,涉政,提示
演示敏感词0122,暴恐,警告
演示敏感词0123,色情,违规
演示敏感词0124,辱骂,提示
演示敏感词0125,违法广告,警告
演示敏感词0126,其他,违规
演示敏感词0127,涉政,提示
演示敏感词0128,暴恐,警告
演示敏感词0129,色情,违规
演示敏感词0130,辱骂,提示
演示敏感词0131,违法广告,警告
演示敏感词0132,其他,违规
演示敏感词0133,涉政,提示
演示敏感词0134,暴恐,警告
演示敏感词0135,色情,违规
演示敏感词0136,辱骂,提示
演示敏感词0137,违法广告,警告
演示敏感词0138,其他,违规
演示敏感词0139,涉政,提示
演示敏感词0140,暴恐,警告
演示敏感词0141,色情,违规
演示敏感词0142,辱骂,提示
演示敏感词0143,违法广告,警告
演示敏感词0144,其他,违规
演示敏感词0145,涉政,提示
演示敏感词0146,暴恐,警告
演示敏感词0147,色情,违规
演示敏感词0148,辱骂,提示
演示敏感词0149,违法广告,警告
演示敏感词0150,其他,违规
演示敏感词0151,涉政,提示
演示敏感词0152,暴恐,警告
演示敏感词0153,色情,违规
演示敏感词0154,辱骂,提示
演示敏感词0155,违法广告,警告
演示敏感词0156,其他,违规
演示敏感词0157,涉政,提示
演示敏感词0158,暴恐,警告
演示敏感词0159,色情,违规
演示敏感词0160,辱骂,提示
演示敏感词0161,违法广告,警告
演示敏感词0162,其他,违规
演示敏感词0163,涉政,提示
演示敏感词0164,暴恐,警告
演示敏感词0165,色情,违规
演示敏感词0166,辱骂,提示
演示敏感词0167,违法广告,警告
演示敏感词0168,其他,违规
演示敏感词0169,涉政,提示
演示敏感词0170,暴恐,警告
演示敏感词0171,色情,违规
演示敏感词0172,辱骂,提示
演示敏感词0173,违法广告,警告
演示敏感词0174,其他,违规
演示敏感词0175,涉政,提示
演示敏感词0176,暴恐,警告
演示敏感词0177,色情,违规
演示敏感词0178,辱骂,提示
演示敏感词0179,违法广告,警告
演示敏感词0180,其他,违规
演示敏感词0181,涉政,提示
演示敏感词0182,暴恐,警告
演示敏感词0183,色情,违规
演示敏感词0184,辱骂,提示
演示敏感词0185,违法广告,警告
演示敏感词0186,其他,违规
演示敏感词0187,涉政,提示
演示敏感词0188,暴恐,警告
演示敏感词0189,色情,违规
演示敏感词0190,辱骂,提示
演示敏感词0191,违法广告,警告
演示敏感词0192,其他,违规
演示敏感词0193,涉政,提示
演示敏感词0194,暴恐,警告
演示敏感词0195,色情,违规
演示敏感词0196,辱骂,提示
演示敏感词0197,违法广告,警告
演示敏感词0198,其他,违规
演示敏感词0199,涉政,提示
演示敏感词0200,暴恐,警告
演示敏感词0201,色情,违规
演示敏感词0202,辱骂,提示
演示敏感词0203,违法广告,警告
演示敏感词0204,其他,违规
演示敏感词0205,涉政,提示
演示敏感词0206,暴恐,警告
演示敏感词0207,色情,违规
演示敏感词0208,辱骂,提示
演示敏感词0209,违法广告,警告
演示敏感词0210,其他,违规
演示敏感词0211,涉政,提示
演示敏感词0212,暴恐,警告
演示敏感词0213,色情,违规
演示敏感词0214,辱骂,提示
演示敏感词0215,违法广告,警告
演示敏感词0216,其他,违规
演示敏感词0217,涉政,提示
演示敏感词0218,暴恐,警告
演示敏感词0219,色情,违规
演示敏感词0220,辱骂,提示
演示敏感词0221,违法广告,警告
演示敏感词0222,其他,违规
演示敏感词0223,涉政,提示
演示敏感词0224,暴恐,警告
演示敏感词0225,色情,违规
演示敏感词0226,辱骂,提示
演示敏感词0227,违法广告,警告
演示敏感词0228,其他,违规
演示敏感词0229,涉政,提示
演示敏感词0230,暴恐,警告
演示敏感词0231,色情,违规
演示敏感词0232,辱骂,提示
演示敏感词0233,违法广告,警告
演示敏感词0234,其他,违规
演示敏感词0235,涉政,提示
演示敏感词0236,暴恐,警告
演示敏感词0237,色情,违规
演示敏感词0238,辱骂,提示
演示敏感词0239,违法广告,警告
演示敏感词0240,其他,违规
演示敏感词0241,涉政,提示
演示敏感词0242,暴恐,警告
演示敏感词0243,色情,违规
演示敏感词0244,辱骂,提示
演示敏感词0245,违法广告,警告
演示敏感词0246,其他,违规
演示敏感词0247,涉政,提示
演示敏感词0248,暴恐,警告
演示敏感词0249,色情,违规
演示敏感词0250,辱骂,提示
演示敏感词0251,违法广告,警告
演示敏感词0252,其他,违规
演示敏感词0253,涉政,提示
演示敏感词0254,暴恐,警告
演示敏感词0255,色情,违规
演示敏感词0256,辱骂,提示
演示敏感词0257,违法广告,警告
演示敏感词0258,其他,违规
演示敏感词0259,涉政,提示
演示敏感词0260,暴恐,警告
演示敏感词0261,色情,违规
演示敏感词0262,辱骂,提示
演示敏感词0263,违法广告,警告
演示敏感词0264,其他,违规
演示敏感词0265,涉政,提示
演示敏感词0266,暴恐,警告
演示敏感词0267,色情,违规
演示敏感词0268,辱骂,提示
演示敏感词0269,违法广告,警告
演示敏感词0270,其他,违规
演示敏感词0271,涉政,提示
演示敏感词0272,暴恐,警告
演示敏感词0273,色情,违规
演示敏感词0274,辱骂,提示
演示敏感词0275,违法广告,警告
演示敏感词0276,其他,违规
演示敏感词0277,涉政,提示
演示敏感词0278,暴恐,警告
演示敏感词0279,色情,违规
演示敏感词0280,辱骂,提示
演示敏感词0281,违法广告,警告
演示敏感词0282,其他,违规
演示敏感词0283,涉政,提示
演示敏感词0284,暴恐,警告
演示敏感词0285,色情,违规
演示敏感词0286,辱骂,提示
演示敏感词0287,违法广告,警告
演示敏感词0288,其他,违规
演示敏感词0289,涉政,提示
演示敏感词0290,暴恐,警告
演示敏感词0291,色情,违规
演示敏感词0292,辱骂,提示
演示敏感词0293,违法广告,警告
演示敏感词0294,其他,违规
演示敏感词0295,涉政,提示
演示敏感词0296,暴恐,警告
演示敏感词0297,色情,违规
演示敏感词0298,辱骂,提示
演示敏感词0299,违法广告,警告
演示敏感词0300,其他,违规
演示敏感词0301,涉政,提示
演示敏感词0302,暴恐,警告
演示敏感词0303,色情,违规
演示敏感词0304,辱骂,提示
演示敏感词0305,违法广告,警告
演示敏感词0306,其他,违规
演示敏感词0307,涉政,提示
演示敏感词0308,暴恐,警告
演示敏感词0309,色情,违规
演示敏感词0310,辱骂,提示
演示敏感词0311,违法广告,警告
演示敏感词0312,其他,违规
演示敏感词0313,涉政,提示
演示敏感词0314,暴恐,警告
演示敏感词0315,色情,违规
演示敏感词0316,辱骂,提示
演示敏感词0317,违法广告,警告
演示敏感词0318,其他,违规
演示敏感词0319,涉政,提示
演示敏感词0320,暴恐,警告
演示敏感词0321,色情,违规
演示敏感词0322,辱骂,提示
演示敏感词0323,违法广告,警告
演示敏感词0324,其他,违规
演示敏感词0325,涉政,提示
演示敏感词0326,暴恐,警告
演示敏感词0327,色情,违规
演示敏感词0328,辱骂,提示
演示敏感词0329,违法广告,警告
演示敏感词0330,其他,违规
演示敏感词0331,涉政,提示
演示敏感词0332,暴恐,警告
演示敏感词0333,色情,违规
演示敏感词0334,辱骂,提示
演示敏感词0335,违法广告,警告
演示敏感词0336,其他,违规
演示敏感词0337,涉政,提示
演示敏感词0338,暴恐,警告
演示敏感词0339,色情,违规
演示敏感词0340,辱骂,提示
演示敏感词0341,违法广告,警告
演示敏感词0342,其他,违规
演示敏感词0343,涉政,提示
演示敏感词0344,暴恐,警告
演示敏感词0345,色情,违规
演示敏感词0346,辱骂,提示
演示敏感词0347,违法广告,警告
演示敏感词0348,其他,违规
演示敏感词0349,涉政,提示
演示敏感词0350,暴恐,警告
演示敏感词0351,色情,违规
演示敏感词0352,辱骂,提示
演示敏感词0353,违法广告,警告
演示敏感词0354,其他,违规
演示敏感词0355,涉政,提示
演示敏感词0356,暴恐,警告
演示敏感词0357,色情,违规
演示敏感词0358,辱骂,提示
演示敏感词0359,违法广告,警告
演示敏感词0360,其他,违规
演示敏感词0361,涉政,提示
演示敏感词0362,暴恐,警告
演示敏感词0363,色情,违规
演示敏感词0364,辱骂,提示
演示敏感词0365,违法广告,警告
演示敏感词0366,其他,违规
演示敏感词0367,涉政,提示
演示敏感词0368,暴恐,警告
演示敏感词0369,色情,违规
演示敏感词0370,辱骂,提示
演示敏感词0371,违法广告,警告
演示敏感词0372,其他,违规
演示敏感词0373,涉政,提示
演示敏感词0374,暴恐,警告
演示敏感词0375,色情,违规
演示敏感词0376,辱骂,提示
演示敏感词0377,违法广告,警告
演示敏感词0378,其他,违规
演示敏感词0379,涉政,提示
演示敏感词0380,暴恐,警告
演示敏感词0381,色情,违规
演示敏感词0382,辱骂,提示
演示敏感词0383,违法广告,警告
演示敏感词0384,其他,违规
演示敏感词0385,涉政,提示
演示敏感词0386,暴恐,警告
演示敏感词0387,色情,违规
演示敏感词0388,辱骂,提示
演示敏感词0389,违法广告,警告
演示敏感词0390,其他,违规
演示敏感词0391,涉政,提示
演示敏感词0392,暴恐,警告
演示敏感词0393,色情,违规
演示敏感词0394,辱骂,提示
演示敏感词0395,违法广告,警告
演示敏感词0396,其他,违规
演示敏感词0397,涉政,提示
演示敏感词0398,暴恐,警告
演示敏感词0399,色情,违规
演示敏感词0400,辱骂,提示
演示敏感词0401,违法广告,警告
演示敏感词0402,其他,违规
演示敏感词0403,涉政,提示
演示敏感词0404,暴恐,警告
演示敏感词0405,色情,违规
演示敏感词0406,辱骂,提示
演示敏感词0407,违法广告,警告
演示敏感词0408,其他,违规
演示敏感词0409,涉政,提示
演示敏感词0410,暴恐,警告
演示敏感词0411,色情,违规
演示敏感词0412,辱骂,提示
演示敏感词0413,违法广告,警告
演示敏感词0414,其他,违规
演示敏感词0415,涉政,提示
演示敏感词0416,暴恐,警告
演示敏感词0417,色情,违规
演示敏感词0418,辱骂,提示
演示敏感词0419,违法广告,警告
演示敏感词0420,其他,违规
演示敏感词0421,涉政,提示
演示敏感词0422,暴恐,警告
演示敏感词0423,色情,违规
演示敏感词0424,辱骂,提示
演示敏感词0425,违法广告,警告
演示敏感词0426,其他,违规
演示敏感词0427,涉政,提示
演示敏感词0428,暴恐,警告
演示敏感词0429,色情,违规
演示敏感词0430,辱骂,提示
演示敏感词0431,违法广告,警告
演示敏感词0432,其他,违规
演示敏感词0433,涉政,提示
演示敏感词0434,暴恐,警告
演示敏感词0435,色情,违规
演示敏感词0436,辱骂,提示
演示敏感词0437,违法广告,警告
演示敏感词0438,其他,违规
演示敏感词0439,涉政,提示
演示敏感词0440,暴恐,警告
演示敏感词0441,色情,违规
演示敏感词0442,辱骂,提示
演示敏感词0443,违法广告,警告
演示敏感词0444,其他,违规
演示敏感词0445,涉政,提示
演示敏感词0446,暴恐,警告
演示敏感词0447,色情,违规
演示敏感词0448,辱骂,提示
演示敏感词0449,违法广告,警告
演示敏感词0450,其他,违规
演示敏感词0451,涉政,提示
演示敏感词0452,暴恐,警告
演示敏感词0453,色情,违规
演示敏感词0454,辱骂,提示
演示敏感词0455,违法广告,警告
演示敏感词0456,其他,违规
演示敏感词0457,涉政,提示
演示敏感词0458,暴恐,警告
演示敏感词0459,色情,违规
演示敏感词0460,辱骂,提示
演示敏感词0461,违法广告,警告
演示敏感词0462,其他,违规
演示敏感词0463,涉政,提示
演示敏感词0464,暴恐,警告
演示敏感词0465,色情,违规
演示敏感词0466,辱骂,提示
演示敏感词0467,违法广告,警告
演示敏感词0468,其他,违规
演示敏感词0469,涉政,提示
演示敏感词0470,暴恐,警告
演示敏感词0471,色情,违规
演示敏感词0472,辱骂,提示
演示敏感词0473,违法广告,警告
演示敏感词0474,其他,违规
演示敏感词0475,涉政,提示
演示敏感词0476,暴恐,警告
演示敏感词0477,色情,违规
演示敏感词0478,辱骂,提示
演示敏感词0479,违法广告,警告
演示敏感词0480,其他,违规
演示敏感词0481,涉政,提示
演示敏感词0482,暴恐,警告
演示敏感词0483,色情,违规
演示敏感词0484,辱骂,提示
演示敏感词0485,违法广告,警告
演示敏感词0486,其他,违规
演示敏感词0487,涉政,提示
演示敏感词0488,暴恐,警告
演示敏感词0489,色情,违规
演示敏感词0490,辱骂,提示
演示敏感词0491,违法广告,警告
演示敏感词0492,其他,违规
演示敏感词0493,涉政,提示
演示敏感词0494,暴恐,警告
演示敏感词0495,色情,违规
演示敏感词0496,辱骂,提示
演示敏感词0497,违法广告,警告
演示敏感词0498,其他,违规
演示敏感词0499,涉政,提示
演示敏感词0500,暴恐,警告
演示敏感词0501,色情,违规
演示敏感词0502,辱骂,提示
演示敏感词0503,违法广告,警告
演示敏感词0504,其他,违规
演示敏感词0505,涉政,提示
演示敏感词0506,暴恐,警告
演示敏感词0507,色情,违规
演示敏感词0508,辱骂,提示
演示敏感词0509,违法广告,警告
演示敏感词0510,其他,违规
演示敏感词0511,涉政,提示
演示敏感词0512,暴恐,警告
演示敏感词0513,色情,违规
演示敏感词0514,辱骂,提示
演示敏感词0515,违法广告,警告
演示敏感词0516,其他,违规
演示敏感词0517,涉政,提示
演示敏感词0518,暴恐,警告
演示敏感词0519,色情,违规
演示敏感词0520,辱骂,提示
演示敏感词0521,违法广告,警告
演示敏感词0522,其他,违规
演示敏感词0523,涉政,提示
演示敏感词0524,暴恐,警告
演示敏感词0525,色情,违规
演示敏感词0526,辱骂,提示
演示敏感词0527,违法广告,警告
演示敏感词0528,其他,违规
演示敏感词0529,涉政,提示
演示敏感词0530,暴恐,警告
演示敏感词0531,色情,违规
演示敏感词0532,辱骂,提示
演示敏感词0533,违法广告,警告
演示敏感词0534,其他,违规
演示敏感词0535,涉政,提示
演示敏感词0536,暴恐,警告
演示敏感词0537,色情,违规
演示敏感词0538,辱骂,提示
演示敏感词0539,违法广告,警告
演示敏感词0540,其他,违规
演示敏感词0541,涉政,提示
演示敏感词0542,暴恐,警告
演示敏感词0543,色情,违规
演示敏感词0544,辱骂,提示
演示敏感词0545,违法广告,警告
演示敏感词0546,其他,违规
演示敏感词0547,涉政,提示
演示敏感词0548,暴恐,警告
演示敏感词0549,色情,违规
演示敏感词0550,辱骂,提示
演示敏感词0551,违法广告,警告
演示敏感词0552,其他,违规
演示敏感词0553,涉政,提示
演示敏感词0554,暴恐,警告
演示敏感词0555,色情,违规
演示敏感词0556,辱骂,提示
演示敏感词0557,违法广告,警告
演示敏感词0558,其他,违规
演示敏感词0559,涉政,提示
演示敏感词0560,暴恐,警告
演示敏感词0561,色情,违规
演示敏感词0562,辱骂,提示
演示敏感词0563,违法广告,警告
演示敏感词0564,其他,违规
演示敏感词0565,涉政,提示
演示敏感词0566,暴恐,警告
演示敏感词0567,色情,违规
演示敏感词0568,辱骂,提示
演示敏感词0569,违法广告,警告
演示敏感词0570,其他,违规
演示敏感词0571,涉政,提示
演示敏感词0572,暴恐,警告
演示敏感词0573,色情,违规
演示敏感词0574,辱骂,提示
演示敏感词0575,违法广告,警告
演示敏感词0576,其他,违规
演示敏感词0577,涉政,提示
演示敏感词0578,暴恐,警告
演示敏感词0579,色情,违规
演示敏感词0580,辱骂,提示
演示敏感词0581,违法广告,警告
演示敏感词0582,其他,违规
演示敏感词0583,涉政,提示
演示敏感词0584,暴恐,警告
演示敏感词0585,色情,违规
演示敏感词0586,辱骂,提示
演示敏感词0587,违法广告,警告
演示敏感词0588,其他,违规
演示敏感词0589,涉政,提示
演示敏感词0590,暴恐,警告
演示敏感词0591,色情,违规
演示敏感词0592,辱骂,提示
演示敏感词0593,违法广告,警告
演示敏感词0594,其他,违规
演示敏感词0595,涉政,提示
演示敏感词0596,暴恐,警告
演示敏感词0597,色情,违规
演示敏感词0598,辱骂,提示
演示敏感词0599,违法广告,警告
演示敏感词0600,其他,违规
演示敏感词0601,涉政,提示
演示敏感词0602,暴恐,警告
演示敏感词0603,色情,违规
演示敏感词0604,辱骂,提示
演示敏感词0605,违法广告,警告
演示敏感词0606,其他,违规
演示敏感词0607,涉政,提示
演示敏感词0608,暴恐,警告
演示敏感词0609,色情,违规
演示敏感词0610,辱骂,提示
演示敏感词0611,违法广告,警告
演示敏感词0612,其他,违规
演示敏感词0613,涉政,提示
演示敏感词0614,暴恐,警告
演示敏感词0615,色情,违规
演示敏感词0616,辱骂,提示
演示敏感词0617,违法广告,警告
演示敏感词0618,其他,违规
演示敏感词0619,涉政,提示
演示敏感词0620,暴恐,警告
演示敏感词0621,色情,违规
演示敏感词0622,辱骂,提示
演示敏感词0623,违法广告,警告
演示敏感词0624,其他,违规
演示敏感词0625,涉政,提示
演示敏感词0626,暴恐,警告
演示敏感词0627,色情,违规
演示敏感词0628,辱骂,提示
演示敏感词0629,违法广告,警告
演示敏感词0630,其他,违规
演示敏感词0631,涉政,提示
演示敏感词0632,暴恐,警告
演示敏感词0633,色情,违规
演示敏感词0634,辱骂,提示
演示敏感词0635,违法广告,警告
演示敏感词0636,其他,违规
演示敏感词0637,涉政,提示
演示敏感词0638,暴恐,警告
演示敏感词0639,色情,违规
演示敏感词0640,辱骂,提示
演示敏感词0641,违法广告,警告
演示敏感词0642,其他,违规
演示敏感词0643,涉政,提示
演示敏感词0644,暴恐,警告
演示敏感词0645,色情,违规
演示敏感词0646,辱骂,提示
演示敏感词0647,违法广告,警告
演示敏感词0648,其他,违规
演示敏感词0649,涉政,提示
演示敏感词0650,暴恐,警告
演示敏感词0651,色情,违规
演示敏感词0652,辱骂,提示
演示敏感词0653,违法广告,警告
演示敏感词0654,其他,违规
演示敏感词0655,涉政,提示
演示敏感词0656,暴恐,警告
演示敏感词0657,色情,违规
演示敏感词0658,辱骂,提示
演示敏感词0659,违法广告,警告
演示敏感词0660,其他,违规
演示敏感词0661,涉政,提示
演示敏感词0662,暴恐,警告
演示敏感词0663,色情,违规
演示敏感词0664,辱骂,提示
演示敏感词0665,违法广告,警告
演示敏感词0666,其他,违规
演示敏感词0667,涉政,提示
演示敏感词0668,暴恐,警告
演示敏感词0669,色情,违规
演示敏感词0670,辱骂,提示
演示敏感词0671,违法广告,警告
演示敏感词0672,其他,违规
演示敏感词0673,涉政,提示
演示敏感词0674,暴恐,警告
演示敏感词0675,色情,违规
演示敏感词0676,辱骂,提示
演示敏感词0677,违法广告,警告
演示敏感词0678,其他,违规
演示敏感词0679,涉政,提示
演示敏感词0680,暴恐,警告
演示敏感词0681,色情,违规
演示敏感词0682,辱骂,提示
演示敏感词0683,违法广告,警告
演示敏感词0684,其他,违规
演示敏感词0685,涉政,提示
演示敏感词0686,暴恐,警告
演示敏感词0687,色情,违规
演示敏感词0688,辱骂,提示
演示敏感词0689,违法广告,警告
演示敏感词0690,其他,违规
演示敏感词0691,涉政,提示
演示敏感词0692,暴恐,警告
演示敏感词0693,色情,违规
演示敏感词0694,辱骂,提示
演示敏感词0695,违法广告,警告
演示敏感词0696,其他,违规
演示敏感词0697,涉政,提示
演示敏感词0698,暴恐,警告
演示敏感词0699,色情,违规
演示敏感词0700,辱骂,提示
演示敏感词0701,违法广告,警告
演示敏感词0702,其他,违规
演示敏感词0703,涉政,提示
演示敏感词0704,暴恐,警告
演示敏感词0705,色情,违规
演示敏感词0706,辱骂,提示
演示敏感词0707,违法广告,警告
演示敏感词0708,其他,违规
演示敏感词0709,涉政,提示
演示敏感词0710,暴恐,警告
演示敏感词0711,色情,违规
演示敏感词0712,辱骂,提示
演示敏感词0713,违法广告,警告
演示敏感词0714,其他,违规
演示敏感词0715,涉政,提示
演示敏感词0716,暴恐,警告
演示敏感词0717,色情,违规
演示敏感词0718,辱骂,提示
演示敏感词0719,违法广告,警告
演示敏感词0720,其他,违规
演示敏感词0721,涉政,提示
演示敏感词0722,暴恐,警告
演示敏感词0723,色情,违规
演示敏感词0724,辱骂,提示
演示敏感词0725,违法广告,警告
演示敏感词0726,其他,违规
演示敏感词0727,涉政,提示
演示敏感词0728,暴恐,警告
演示敏感词0729,色情,违规
演示敏感词0730,辱骂,提示
演示敏感词0731,违法广告,警告
演示敏感词0732,其他,违规
演示敏感词0733,涉政,提示
演示敏感词0734,暴恐,警告
演示敏感词0735,色情,违规
演示敏感词0736,辱骂,提示
演示敏感词0737,违法广告,警告
演示敏感词0738,其他,违规
演示敏感词0739,涉政,提示
演示敏感词0740,暴恐,警告
演示敏感词0741,色情,违规
演示敏感词0742,辱骂,提示
演示敏感词0743,违法广告,警告
演示敏感词0744,其他,违规
演示敏感词0745,涉政,提示
演示敏感词0746,暴恐,警告
演示敏感词0747,色情,违规
演示敏感词0748,辱骂,提示
演示敏感词0749,违法广告,警告
演示敏感词0750,其他,违规
演示敏感词0751,涉政,提示
演示敏感词0752,暴恐,警告
演示敏感词0753,色情,违规
演示敏感词0754,辱骂,提示
演示敏感词0755,违法广告,警告
演示敏感词0756,其他,违规
演示敏感词0757,涉政,提示
演示敏感词0758,暴恐,警告
演示敏感词0759,色情,违规
演示敏感词0760,辱骂,提示
演示敏感词0761,违法广告,警告
演示敏感词0762,其他,违规
演示敏感词0763,涉政,提示
演示敏感词0764,暴恐,警告
演示敏感词0765,色情,违规
演示敏感词0766,辱骂,提示
演示敏感词0767,违法广告,警告
演示敏感词0768,其他,违规
演示敏感词0769,涉政,提示
演示敏感词0770,暴恐,警告
演示敏感词0771,色情,违规
演示敏感词0772,辱骂,提示
演示敏感词0773,违法广告,警告
演示敏感词0774,其他,违规
演示敏感词0775,涉政,提示
演示敏感词0776,暴恐,警告
演示敏感词0777,色情,违规
演示敏感词0778,辱骂,提示
演示敏感词0779,违法广告,警告
演示敏感词0780,其他,违规
演示敏感词0781,涉政,提示
演示敏感词0782,暴恐,警告
演示敏感词0783,色情,违规
演示敏感词0784,辱骂,提示
演示敏感词0785,违法广告,警告
演示敏感词0786,其他,违规
演示敏感词0787,涉政,提示
演示敏感词0788,暴恐,警告
演示敏感词0789,色情,违规
演示敏感词0790,辱骂,提示
演示敏感词0791,违法广告,警告
演示敏感词0792,其他,违规
演示敏感词0793,涉政,提示
演示敏感词0794,暴恐,警告
演示敏感词0795,色情,违规
演示敏感词0796,辱骂,提示
演示敏感词0797,违法广告,警告
演示敏感词0798,其他,违规
演示敏感词0799,涉政,提示
演示敏感词0800,暴恐,警告
演示敏感词0801,色情,违规
演示敏感词0802,辱骂,提示
演示敏感词0803,违法广告,警告
演示敏感词0804,其他,违规
演示敏感词0805,涉政,提示
演示敏感词0806,暴恐,警告
演示敏感词0807,色情,违规
演示敏感词0808,辱骂,提示
演示敏感词0809,违法广告,警告
演示敏感词0810,其他,违规
演示敏感词0811,涉政,提示
演示敏感词0812,暴恐,警告
演示敏感词0813,色情,违规
演示敏感词0814,辱骂,提示
演示敏感词0815,违法广告,警告
演示敏感词0816,其他,违规
演示敏感词0817,涉政,提示
演示敏感词0818,暴恐,警告
演示敏感词0819,色情,违规
演示敏感词0820,辱骂,提示
演示敏感词0821,违法广告,警告
演示敏感词0822,其他,违规
演示敏感词0823,涉政,提示
演示敏感词0824,暴恐,警告
演示敏感词0825,色情,违规
演示敏感词0826,辱骂,提示
演示敏感词0827,违法广告,警告
演示敏感词0828,其他,违规
演示敏感词0829,涉政,提示
演示敏感词0830,暴恐,警告
演示敏感词0831,色情,违规
演示敏感词0832,辱骂,提示
演示敏感词0833,违法广告,警告
演示敏感词0834,其他,违规
演示敏感词0835,涉政,提示
演示敏感词0836,暴恐,警告
演示敏感词0837,色情,违规
演示敏感词0838,辱骂,提示
演示敏感词0839,违法广告,警告
演示敏感词0840,其他,违规
演示敏感词0841,涉政,提示
演示敏感词0842,暴恐,警告
演示敏感词0843,色情,违规
演示敏感词0844,辱骂,提示
演示敏感词0845,违法广告,警告
演示敏感词0846,其他,违规
演示敏感词0847,涉政,提示
演示敏感词0848,暴恐,警告
演示敏感词0849,色情,违规
演示敏感词0850,辱骂,提示
演示敏感词0851,违法广告,警告
演示敏感词0852,其他,违规
演示敏感词0853,涉政,提示
演示敏感词0854,暴恐,警告
演示敏感词0855,色情,违规
演示敏感词0856,辱骂,提示
演示敏感词0857,违法广告,警告
演示敏感词0858,其他,违规
演示敏感词0859,涉政,提示
演示敏感词0860,暴恐,警告
演示敏感词0861,色情,违规
演示敏感词0862,辱骂,提示
演示敏感词0863,违法广告,警告
演示敏感词0864,其他,违规
演示敏感词0865,涉政,提示
演示敏感词0866,暴恐,警告
演示敏感词0867,色情,违规
演示敏感词0868,辱骂,提示
演示敏感词0869,违法广告,警告
演示敏感词0870,其他,违规
演示敏感词0871,涉政,提示
演示敏感词0872,暴恐,警告
演示敏感词0873,色情,违规
演示敏感词0874,辱骂,提示
演示敏感词0875,违法广告,警告
演示敏感词0876,其他,违规
演示敏感词0877,涉政,提示
演示敏感词0878,暴恐,警告
演示敏感词0879,色情,违规
演示敏感词0880,辱骂,提示
演示敏感词0881,违法广告,警告
演示敏感词0882,其他,违规
演示敏感词0883,涉政,提示
演示敏感词0884,暴恐,警告
演示敏感词0885,色情,违规
演示敏感词0886,辱骂,提示
演示敏感词0887,违法广告,警告
演示敏感词0888,其他,违规
演示敏感词0889,涉政,提示
演示敏感词0890,暴恐,警告
演示敏感词0891,色情,违规
演示敏感词0892,辱骂,提示
演示敏感词0893,违法广告,警告
演示敏感词0894,其他,违规
演示敏感词0895,涉政,提示
演示敏感词0896,暴恐,警告
演示敏感词0897,色情,违规
演示敏感词0898,辱骂,提示
演示敏感词0899,违法广告,警告
演示敏感词0900,其他,违规
演示敏感词0901,涉政,提示
演示敏感词0902,暴恐,警告
演示敏感词0903,色情,违规
演示敏感词0904,辱骂,提示
演示敏感词0905,违法广告,警告
演示敏感词0906,其他,违规
演示敏感词0907,涉政,提示
演示敏感词0908,暴恐,警告
演示敏感词0909,色情,违规
演示敏感词0910,辱骂,提示
演示敏感词0911,违法广告,警告
演示敏感词0912,其他,违规
演示敏感词0913,涉政,提示
演示敏感词0914,暴恐,警告
演示敏感词0915,色情,违规
演示敏感词0916,辱骂,提示
演示敏感词0917,违法广告,警告
演示敏感词0918,其他,违规
演示敏感词0919,涉政,提示
演示敏感词0920,暴恐,警告
演示敏感词0921,色情,违规
演示敏感词0922,辱骂,提示
演示敏感词0923,违法广告,警告
演示敏感词0924,其他,违规
演示敏感词0925,涉政,提示
演示敏感词0926,暴恐,警告
演示敏感词0927,色情,违规
演示敏感词0928,辱骂,提示
演示敏感词0929,违法广告,警告
演示敏感词0930,其他,违规
演示敏感词0931,涉政,提示
演示敏感词0932,暴恐,警告
演示敏感词0933,色情,违规
演示敏感词0934,辱骂,提示
演示敏感词0935,违法广告,警告
演示敏感词0936,其他,违规
演示敏感词0937,涉政,提示
演示敏感词0938,暴恐,警告
演示敏感词0939,色情,违规
演示敏感词0940,辱骂,提示
演示敏感词0941,违法广告,警告
演示敏感词0942,其他,违规
演示敏感词0943,涉政,提示
演示敏感词0944,暴恐,警告
演示敏感词0945,色情,违规
演示敏感词0946,辱骂,提示
演示敏感词0947,违法广告,警告
演示敏感词0948,其他,违规
演示敏感词0949,涉政,提示
演示敏感词0950,暴恐,警告
演示敏感词0951,色情,违规
演示敏感词0952,辱骂,提示
演示敏感词0953,违法广告,警告
演示敏感词0954,其他,违规
演示敏感词0955,涉政,提示
演示敏感词0956,暴恐,警告
演示敏感词0957,色情,违规
演示敏感词0958,辱骂,提示
演示敏感词0959,违法广告,警告
演示敏感词0960,其他,违规
演示敏感词0961,涉政,提示
演示敏感词0962,暴恐,警告
演示敏感词0963,色情,违规
演示敏感词0964,辱骂,提示
演示敏感词0965,违法广告,警告
演示敏感词0966,其他,违规
演示敏感词0967,涉政,提示
演示敏感词0968,暴恐,警告
演示敏感词0969,色情,违规
演示敏感词0970,辱骂,提示
演示敏感词0971,违法广告,警告
演示敏感词0972,其他,违规
演示敏感词0973,涉政,提示
演示敏感词0974,暴恐,警告
演示敏感词0975,色情,违规
演示敏感词0976,辱骂,提示
演示敏感词0977,违法广告,警告
演示敏感词0978,其他,违规
演示敏感词0979,涉政,提示
演示敏感词0980,暴恐,警告
演示敏感词0981,色情,违规
演示敏感词0982,辱骂,提示
演示敏感词0983,违法广告,警告
演示敏感词0984,其他,违规
演示敏感词0985,涉政,提示
演示敏感词0986,暴恐,警告
演示敏感词0987,色情,违规
演示敏感词0988,辱骂,提示
演示敏感词0989,违法广告,警告
演示敏感词0990,其他,违规
演示敏感词0991,涉政,提示
演示敏感词0992,暴恐,警告
演示敏感词0993,色情,违规
演示敏感词0994,辱骂,提示
演示敏感词0995,违法广告,警告
演示敏感词0996,其他,违规
演示敏感词0997,涉政,提示
演示敏感词0998,暴恐,警告
演示敏感词0999,色情,违规
演示敏感词1000,辱骂,提示
